StartDate,EndDate,Status,IPAddress,Progress,Duration (in seconds),Finished,RecordedDate,ResponseId,RecipientLastName,RecipientFirstName,RecipientEmail,ExternalReference,LocationLatitude,LocationLongitude,DistributionChannel,UserLanguage,Q67,Q71,Q78,Q79,Q81,Q82,Q83,Q32,Q33,Q85,Q86,E2-P,E3-N,N2-P,O2-P,O1-P,C3-P,N1-P,C2-N,C1-P,O3-P,N3-N,A2-P,A3-P,E1-P,A1-N,SC0,SC1,SC2,SC3,SC4
Start Date,End Date,Response Type,IP Address,Progress,Duration (in seconds),Finished,Recorded Date,Response ID,Recipient Last Name,Recipient First Name,Recipient Email,External Data Reference,Location Latitude,Location Longitude,Distribution Channel,User Language,"When were you born? Please enter in the following format: mo/date/yearFor example, if you were born on October 3rd, 1981: 10/03/1981",What is your favorite color?,"What are your initials? (First and last name only; e.g., John Nestojko would write JN)",Which section of this course are you in?,"How old are you? Write numerically (22, not twenty-two)","How tall are you? (format example: 5'11"")",How much do you weigh (in lbs)?,"How many hours of sleep do you usually get each night? (enter only a whole number; example, I get six hours, so I would write 6)",What year are you in college?,"When comparing to your peers in courses here at WU, how good are you at math?",How nervous are you about this course?,"I see myself as someone who...   is outgoing, sociable",I see myself as someone who...   is reserved,I see myself as someone who...   gets nervous easily,"I see myself as someone who...   values artistic, aesthetic experiences","I see myself as someone who...   is original, comes up with new ideas",I see myself as someone who...   does things efficiently,I see myself as someone who...   worries a lot,I see myself as someone who...   tends to be lazy,I see myself as someone who...   does a thorough job,I see myself as someone who...   has an active imagination,I see myself as someone who...   remains calm in tense situations,I see myself as someone who...   has a forgiving nature,I see myself as someone who...   is considerate and kind to almost anyone,I see myself as someone who...   is talkative,I see myself as someone who...   is sometimes rude to others,Neuroticism,Extroversion,Openness,Agreeableness,Conscientiousness
"{""ImportId"":""startDate"",""timeZone"":""America/Denver""}","{""ImportId"":""endDate"",""timeZone"":""America/Denver""}","{""ImportId"":""status""}","{""ImportId"":""ipAddress""}","{""ImportId"":""progress""}","{""ImportId"":""duration""}","{""ImportId"":""finished""}","{""ImportId"":""recordedDate"",""timeZone"":""America/Denver""}","{""ImportId"":""_recordId""}","{""ImportId"":""recipientLastName""}","{""ImportId"":""recipientFirstName""}","{""ImportId"":""recipientEmail""}","{""ImportId"":""externalDataReference""}","{""ImportId"":""locationLatitude""}","{""ImportId"":""locationLongitude""}","{""ImportId"":""distributionChannel""}","{""ImportId"":""userLanguage""}","{""ImportId"":""QID67_TEXT""}","{""ImportId"":""QID71_TEXT""}","{""ImportId"":""QID78_TEXT""}","{""ImportId"":""QID79""}","{""ImportId"":""QID81_TEXT""}","{""ImportId"":""QID82_TEXT""}","{""ImportId"":""QID83_TEXT""}","{""ImportId"":""QID87_TEXT""}","{""ImportId"":""QID88""}","{""ImportId"":""QID85""}","{""ImportId"":""QID86""}","{""ImportId"":""QID9""}","{""ImportId"":""QID3""}","{""ImportId"":""QID8""}","{""ImportId"":""QID7""}","{""ImportId"":""QID5""}","{""ImportId"":""QID16""}","{""ImportId"":""QID2""}","{""ImportId"":""QID15""}","{""ImportId"":""QID14""}","{""ImportId"":""QID10""}","{""ImportId"":""QID1""}","{""ImportId"":""QID12""}","{""ImportId"":""QID13""}","{""ImportId"":""QID4""}","{""ImportId"":""QID11""}","{""ImportId"":""SC_8H1WFDeQJsrFvox""}","{""ImportId"":""SC_2siR93MX89JRuiV""}","{""ImportId"":""SC_dcZ5ILLdHiofYrj""}","{""ImportId"":""SC_cClmVkUngRJ4Fi5""}","{""ImportId"":""SC_2fUut7R1qp5mZSd""}"
2018-01-18 09:14:24,2018-01-18 09:16:53,0,128.252.48.11,100,149,1,2018-01-18 09:16:54,R_potUGZhegfG5PNv,,,,,38.66569519043,-90.323097229004,anonymous,EN,11/10/1998,purple,GG,4,19,5'2'',107,8,,19,59,1,4,1,2,2,1,1,3,2,2,4,2,1,1,4,14,14,12,13,12
2018-01-18 09:16:01,2018-01-18 09:17:39,0,65.254.109.31,100,98,1,2018-01-18 09:17:40,R_2bIDb6Y4vXyAsk2,,,,,38.657196044922,-90.281997680664,anonymous,EN,07/02/1998,Blue,MC,4,19,5'3,idk,7,,20,58,1,4,2,1,2,2,2,1,2,1,3,2,1,2,5,11,13,14,14,9
2018-01-18 09:16:32,2018-01-18 09:18:19,0,128.252.25.64,100,106,1,2018-01-18 09:18:19,R_5gSPg4sXWxnWpuV,,,,,38.66569519043,-90.323097229004,anonymous,EN,01/23/1998,blue,aez,4,19,"5'09""",160,7,,17,61,4,2,1,2,3,4,2,2,3,2,4,2,2,3,5,13,7,11,13,7
2018-01-18 09:16:28,2018-01-18 09:18:37,0,65.254.109.18,100,129,1,2018-01-18 09:18:37,R_1mmIwOU9nvyaPIf,,,,,38.657196044922,-90.281997680664,anonymous,EN,06/29/1996,blue,SP,4,21,"5'3""",125,8,,18,60,1,4,3,1,2,1,1,5,1,3,2,4,1,2,4,10,13,12,11,15
2018-01-18 09:13:53,2018-01-18 09:18:44,0,128.252.25.41,100,291,1,2018-01-18 09:18:45,R_bdq2Oq1JYi1BW5r,,,,,38.66569519043,-90.323097229004,anonymous,EN,10/19/1995,blue,CW,4,22,6'0',152,8,,18,60,2,2,4,2,2,1,5,1,1,1,1,1,1,2,4,4,10,13,14,11
2018-01-18 09:17:06,2018-01-18 09:18:50,0,65.254.109.20,100,103,1,2018-01-18 09:18:50,R_2ByykCfs4IH8Pim,,,,,38.657196044922,-90.281997680664,anonymous,EN,04/08/1998,Blue,TM,4,19,5’4,Idk,7,,17,61,2,2,5,2,1,2,5,2,2,1,1,1,1,1,3,3,11,14,13,10
2018-01-18 09:16:48,2018-01-18 09:18:51,0,128.252.25.54,100,123,1,2018-01-18 09:18:52,R_bEDZANPCZdhwYQF,,,,,38.66569519043,-90.323097229004,anonymous,EN,11/13/1997,Red,ML,4,20,5’9”,154,6,,19,60,4,1,1,2,5,4,2,2,4,3,4,1,2,4,4,13,5,8,13,6
2018-01-18 09:13:37,2018-01-18 09:18:52,0,128.252.25.51,100,314,1,2018-01-18 09:18:53,R_ykWkeUQxDJxjMHv,,,,,38.66569519043,-90.323097229004,anonymous,EN,01/04/1999,Blue,MF,4,19,"5'1""",110,7,,17,59,3,2,2,3,2,1,2,5,1,3,2,1,1,3,4,10,8,10,14,15
2018-01-18 09:17:12,2018-01-18 09:18:58,0,128.252.48.1,100,106,1,2018-01-18 09:18:59,R_234cCKDcLLUQNn0,,,,,38.66569519043,-90.323097229004,anonymous,EN,12/10/1998,Green,MK,4,19,"5'8.5""",150,7,,18,59,4,2,1,3,3,2,1,2,2,2,3,4,3,3,4,13,7,10,9,10
2018-01-18 09:16:44,2018-01-18 09:18:59,0,128.252.48.19,100,134,1,2018-01-18 09:18:59,R_51NUAja8Hpg6ZZT,,,,,38.66569519043,-90.323097229004,anonymous,EN,07/28/1997,blue,SS,4,20,5'4'',130,7,,19,59,1,4,4,2,2,1,2,5,2,3,4,2,1,1,5,10,14,11,14,14
2018-01-18 09:16:49,2018-01-18 09:19:02,0,128.252.25.37,100,133,1,2018-01-18 09:19:03,R_27Q1Uy48eNHRHVH,,,,,38.66569519043,-90.323097229004,anonymous,EN,07/28/1999,Purple,NC,4,18,"5'10""",125,7,,18,61,2,2,1,1,2,2,1,4,1,1,2,3,2,2,5,12,10,14,12,13
2018-01-18 09:17:15,2018-01-18 09:19:05,0,65.254.109.37,100,109,1,2018-01-18 09:19:06,R_2CTiSmh1oI9HoQE,,,,,38.657196044922,-90.281997680664,anonymous,EN,04/07/1999,Purple,EG,4,18,5’7,125,8,,18,60,4,1,2,1,1,1,1,4,1,1,2,1,1,4,4,11,5,15,14,14
2018-01-18 09:17:16,2018-01-18 09:19:07,0,65.254.109.52,100,111,1,2018-01-18 09:19:07,R_Wll1t3frM39YjGp,,,,,38.657196044922,-90.281997680664,anonymous,EN,05/02/1999,Green,SNG,4,18,5’5”,130,7,,18,59,5,1,1,2,2,2,2,1,1,2,2,1,2,,2,11,2,12,11,10
2018-01-18 09:16:50,2018-01-18 09:19:07,0,128.252.48.1,100,137,1,2018-01-18 09:19:08,R_2CqR4MYxz8CmvnV,,,,,38.66569519043,-90.323097229004,anonymous,EN,04/09/1996,Blue,HR,4,21,"5'8""",135,6,,18,60,2,1,4,1,2,2,1,4,2,2,2,2,1,4,3,9,7,13,12,12
2018-01-18 09:14:42,2018-01-18 09:19:17,0,128.252.25.3,100,274,1,2018-01-18 09:19:17,R_2qwPodnrtF2TpDU,,,,,38.66569519043,-90.323097229004,anonymous,EN,03/06/1999,dark purple,AS,4,18,5'4,,5,,19,59,2,5,4,,2,3,2,1,3,1,2,5,4,1,3,8,14,9,6,7
2018-01-18 09:17:25,2018-01-18 09:19:21,0,128.252.25.1,100,115,1,2018-01-18 09:19:21,R_1OwZoyXUtH3Eb55,,,,,38.66569519043,-90.323097229004,anonymous,EN,06/07/1999,Blue,AL,4,18,5’2’’,100,7,,18,58,1,5,1,1,1,2,1,2,2,1,4,2,1,1,4,14,15,15,13,10
2018-01-18 09:17:23,2018-01-18 09:19:21,0,65.254.109.57,100,117,1,2018-01-18 09:19:22,R_22lEz0cFDMXfHIV,,,,,38.657196044922,-90.281997680664,anonymous,EN,11/03/1998,Blue,AA,4,19,5’3”,106,8,,18,60,4,1,2,2,1,2,2,4,2,1,4,2,2,4,3,12,5,14,11,12
2018-01-18 09:17:18,2018-01-18 09:19:26,0,65.254.109.39,100,128,1,2018-01-18 09:19:27,R_O6U9oeTX9FEpBa9,,,,,38.657196044922,-90.281997680664,anonymous,EN,11/28/1998,Blue,MN,4,19,5’,102,8,,17,59,3,2,2,1,2,1,1,5,1,1,2,1,1,3,2,11,8,14,12,15
2018-01-18 09:17:39,2018-01-18 09:19:27,0,128.252.25.57,100,107,1,2018-01-18 09:19:28,R_4IcPZGc4wFS9AVb,,,,,38.66569519043,-90.323097229004,anonymous,EN,11/23/1996,Pink,KW,4,21,"5""6""",140,7,,17,60,2,3,3,5,4,2,2,4,2,4,3,4,2,2,2,10,11,5,8,12
2018-01-18 09:17:17,2018-01-18 09:19:27,0,128.252.25.44,100,130,1,2018-01-18 09:19:28,R_3fMYy7M7XKvQ2Rd,,,,,38.66569519043,-90.323097229004,anonymous,EN,04/19/1998,blue,NK,4,19,"5'6""",135,6,,18,60,2,4,2,3,2,1,2,3,1,2,4,4,1,2,5,12,12,11,12,13
2018-01-18 09:17:20,2018-01-18 09:19:28,0,128.252.25.59,100,127,1,2018-01-18 09:19:29,R_2VDapPMBiwyaab8,,,,,38.66569519043,-90.323097229004,anonymous,EN,04/28/1998,blue,GA,4,19,"5'7""",140,6,,17,59,1,3,1,2,2,2,1,4,1,2,4,1,1,1,5,14,13,12,15,13
2018-01-18 09:17:15,2018-01-18 09:19:31,0,128.252.25.23,100,135,1,2018-01-18 09:19:32,R_3O0qMJyH440rMHD,,,,,38.66569519043,-90.323097229004,anonymous,EN,01/26/1997,"Purple ",DN,4,20,5’7”,140,7,,18,60,2,2,1,5,4,2,1,2,2,5,4,2,2,1,5,14,11,4,13,10
2018-01-18 09:17:28,2018-01-18 09:19:31,0,128.252.25.18,100,123,1,2018-01-18 09:19:32,R_6zcy3kKRziHBFKh,,,,,38.66569519043,-90.323097229004,anonymous,EN,11/17/1997,Green,GC,4,20,"5'6""",148,8,,18,60,1,4,5,1,4,3,2,5,1,2,1,2,1,1,3,6,14,11,12,13
2018-01-18 09:17:36,2018-01-18 09:19:32,0,128.252.25.41,100,116,1,2018-01-18 09:19:32,R_shSSNj6o9pbFQt3,,,,,38.66569519043,-90.323097229004,anonymous,EN,1/26/1998,Turquoise,TS,4,19,5’9”,155,5,,17,60,4,1,1,1,2,1,1,2,2,1,4,1,1,4,4,14,5,14,14,11
2018-01-18 09:17:11,2018-01-18 09:19:36,0,128.252.25.60,100,145,1,2018-01-18 09:19:37,R_2v318WxSQZUw5fk,,,,,38.66569519043,-90.323097229004,anonymous,EN,02/02/1997,Pink,JF,4,20,6’ .5”,245,7,,17,60,2,2,4,1,1,1,3,2,1,1,2,1,1,2,4,7,10,15,14,12
2018-01-18 09:16:43,2018-01-18 09:19:39,0,65.254.109.60,100,175,1,2018-01-18 09:19:39,R_1n94SATZ1mn4NPj,,,,,38.657196044922,-90.281997680664,anonymous,EN,09/07/1998,red,ST,4,19,"5'6""",115,8,,18,59,2,3,1,4,2,1,1,2,1,4,4,4,2,2,4,14,11,8,10,12
2018-01-18 09:16:47,2018-01-18 09:19:39,0,128.252.48.18,100,172,1,2018-01-18 09:19:39,R_3PLLjlxmKPjYZ45,,,,,38.66569519043,-90.323097229004,anonymous,EN,11/01/1996,Blue,JC,4,21,"6'0""",225,7,,17,60,2,4,4,4,3,1,2,3,2,2,3,4,4,2,3,9,12,9,7,12
2018-01-18 09:17:35,2018-01-18 09:19:43,0,128.252.25.51,100,128,1,2018-01-18 09:19:44,R_3HLJpP5EaQPtwvu,,,,,38.66569519043,-90.323097229004,anonymous,EN,07/10/1998,Pink,RK,4,19,5’11”,134,Seven,,19,59,1,2,2,2,2,1,2,4,1,4,2,1,1,2,5,10,11,10,15,14
2018-01-18 09:17:35,2018-01-18 09:19:44,0,65.254.109.49,100,129,1,2018-01-18 09:19:44,R_tQxfqQDc2wkEDGp,,,,,38.657196044922,-90.281997680664,anonymous,EN,12/10/1997,Green,NG,4,20,"5'2""""",120,8,,19,58,1,4,1,2,2,2,1,5,1,2,4,2,1,2,4,14,13,12,13,14
2018-01-18 09:17:06,2018-01-18 09:19:45,0,128.252.25.33,100,159,1,2018-01-18 09:19:46,R_2Brgkr7pAI64MAZ,,,,,38.66569519043,-90.323097229004,anonymous,EN,03/10/1998,Blue,SC,4,19,5’2’’,105,6,,18,60,1,3,2,5,3,1,1,5,2,3,1,1,1,2,5,10,12,7,15,14
2018-01-18 09:17:37,2018-01-18 09:19:46,0,65.254.109.26,100,129,1,2018-01-18 09:19:47,R_BqXluC8TrXzHORb,,,,,38.657196044922,-90.281997680664,anonymous,EN,02/02/1998,Blue,SR,4,19,"5'3""",135,7,,19,58,3,2,2,1,2,3,2,4,2,2,3,1,2,2,3,11,9,13,12,11
2018-01-18 09:18:06,2018-01-18 09:19:46,0,65.254.109.47,100,100,1,2018-01-18 09:19:47,R_2SIvUBpqTkdwJ3k,,,,,38.657196044922,-90.281997680664,anonymous,EN,02/22/1999,Maroon,AK,4,18,5’7”,145?,7,,17,61,2,1,2,1,3,4,1,5,1,4,5,1,1,2,4,14,9,10,14,12
2018-01-18 09:17:14,2018-01-18 09:19:47,0,128.252.48.2,100,153,1,2018-01-18 09:19:48,R_3lDM5cyKOri2B0V,,,,,38.66569519043,-90.323097229004,anonymous,EN,11/25/1997,Black,MG,4,20,5'1,128,7,,18,59,3,2,2,2,2,1,1,2,1,1,3,2,2,2,3,12,9,13,11,12
2018-01-18 09:17:13,2018-01-18 09:19:48,0,128.252.48.14,100,154,1,2018-01-18 09:19:49,R_1jcXHSoMiNjxumt,,,,,38.66569519043,-90.323097229004,anonymous,EN,08/19/1999,Purple,AW,4,18,5’9”,142 lbs,8,,17,60,4,1,2,2,2,1,4,4,2,2,1,2,2,4,5,7,5,12,13,13
2018-01-18 09:17:57,2018-01-18 09:19:49,0,128.252.25.12,100,111,1,2018-01-18 09:19:49,R_2QlzSC3ImGAn6Gq,,,,,38.66569519043,-90.323097229004,anonymous,EN,05/08/1998,Glitter,AG,4,19,5’2”,100,8,,18,59,2,1,1,2,1,3,1,5,1,2,5,4,2,4,4,15,7,13,10,13
2018-01-18 09:17:32,2018-01-18 09:19:49,0,65.254.109.42,100,136,1,2018-01-18 09:19:50,R_UQlDGF6zOu9bmHD,,,,,38.657196044922,-90.281997680664,anonymous,EN,09/14/1997,Blue,CH,4,20,"5'5""",120,8,,17,60,3,1,2,1,1,2,1,4,1,1,2,2,1,3,4,11,7,15,13,13
2018-01-18 09:17:42,2018-01-18 09:19:50,0,65.254.109.12,100,127,1,2018-01-18 09:19:51,R_3MMRQCAbjSaqftF,,,,,38.657196044922,-90.281997680664,anonymous,EN,01/02/1998,Red,CC,4,20,5’7,140,6,,19,60,2,2,1,1,2,3,1,1,1,1,1,1,1,1,2,11,11,14,12,9
2018-01-18 09:17:44,2018-01-18 09:19:50,0,65.254.109.20,100,126,1,2018-01-18 09:19:51,R_2bQ8Fl685Pxd38m,,,,,38.657196044922,-90.281997680664,anonymous,EN,02/20/1998,green,LV,4,19,5’2”,135,7,,19,60,1,4,4,2,3,2,4,4,2,4,2,4,2,2,3,6,13,9,9,12
2018-01-18 09:17:41,2018-01-18 09:19:50,0,65.254.109.24,100,129,1,2018-01-18 09:19:51,R_2DNf02gpWDZhWM5,,,,,38.657196044922,-90.281997680664,anonymous,EN,05/15/1997,Blue,ML,4,19,"5'7""",140,6,,20,58,2,4,3,1,2,3,2,2,2,2,4,1,2,3,4,11,11,13,13,9
2018-01-18 09:17:17,2018-01-18 09:19:53,0,65.254.109.17,100,155,1,2018-01-18 09:19:53,R_1Nt6az7PniJgBAU,,,,,38.657196044922,-90.281997680664,anonymous,EN,12/20/1997,Blue,ID,4,20,"5'1""",125,5,,18,60,1,3,1,1,2,2,2,1,1,1,4,1,1,1,4,13,13,14,14,10
2018-01-18 09:17:35,2018-01-18 09:19:54,0,128.252.25.39,100,138,1,2018-01-18 09:19:54,R_qOg34QC8tCWKHct,,,,,38.66569519043,-90.323097229004,anonymous,EN,10/28/1996,Blue,JvB,4,21,5’10”,145,6,,18,59,3,4,4,3,3,2,5,2,2,3,1,1,2,2,5,4,11,9,14,10
2018-01-18 09:17:44,2018-01-18 09:19:55,0,128.252.25.51,100,131,1,2018-01-18 09:19:56,R_1jWdgbp0PscblPr,,,,,38.66569519043,-90.323097229004,anonymous,EN,08/26/1999,Blue,MW,4,18,5’3”,120,8,,17,60,3,1,1,2,4,3,2,2,2,5,4,4,2,2,1,13,8,7,7,9
2018-01-18 09:17:12,2018-01-18 09:19:59,0,65.254.109.64,100,167,1,2018-01-18 09:20:00,R_2qeM4GXiSYn1fT7,,,,,38.657196044922,-90.281997680664,anonymous,EN,6/01/1999,Blue,ES,4,18,5’4”,135,8,,18,60,3,2,3,1,2,1,4,4,1,2,2,2,2,4,3,7,7,13,11,14
2018-01-18 09:17:46,2018-01-18 09:20:04,0,65.254.109.15,100,137,1,2018-01-18 09:20:04,R_RErdPT5kOoxveY9,,,,,38.657196044922,-90.281997680664,anonymous,EN,01/10/1999,berry,LL,4,19,"5'6""",180,7,,18,60,2,3,5,3,2,4,5,2,3,2,1,1,1,3,3,3,10,11,13,7
2018-01-18 09:17:39,2018-01-18 09:20:06,0,65.254.109.15,100,147,1,2018-01-18 09:20:07,R_viPQwHs1xPUPxeN,,,,,38.657196044922,-90.281997680664,anonymous,EN,09/19/1997,pink,NC,4,20,5’9”,135,9,,19,60,3,2,2,2,2,2,1,2,4,3,4,2,2,4,2,13,7,11,10,8
2018-01-18 09:17:23,2018-01-18 09:20:06,0,65.254.109.55,100,162,1,2018-01-18 09:20:07,R_3kjQFp0mXkHLwcc,,,,,38.657196044922,-90.281997680664,anonymous,EN,07/14/1997,Red,MN,4,20,"5'3""",125,7,,18,60,4,2,4,3,2,2,4,3,2,2,2,2,2,5,5,6,5,11,13,11
2018-01-18 09:14:47,2018-01-18 09:20:08,0,128.252.25.32,100,320,1,2018-01-18 09:20:08,R_2TuwpgM7P55uBZe,,,,,38.66569519043,-90.323097229004,anonymous,EN,09/11/1998,Blue,EL,4,19,5'7,105,7,,18,60,2,4,1,1,2,4,1,2,2,1,4,2,2,1,4,14,13,14,12,8
2018-01-18 09:17:36,2018-01-18 09:20:09,0,65.254.109.2,100,152,1,2018-01-18 09:20:09,R_2U6ialEkf5QK7Bb,,,,,38.657196044922,-90.281997680664,anonymous,EN,05/05/1998,Blue,SD,4,19,"6'0""",165,7,,18,60,2,2,1,1,2,4,4,3,4,1,4,5,4,2,2,11,10,14,5,7
2018-01-18 09:17:32,2018-01-18 09:20:09,0,65.254.109.34,100,157,1,2018-01-18 09:20:10,R_2X0eSLTSmq7iouN,,,,,38.657196044922,-90.281997680664,anonymous,EN,07/04/2000,Blue,TP,4,17,5’8”,139,8,,17,60,2,2,2,1,3,2,2,3,2,3,4,3,2,4,4,12,8,11,11,11
2018-01-18 09:17:16,2018-01-18 09:20:10,0,128.252.25.5,100,174,1,2018-01-18 09:20:11,R_3JrNj801HftxhHv,,,,,38.66569519043,-90.323097229004,anonymous,EN,04/15/1998,Blue,GP,4,19,5'6'',145,8,,18,59,2,2,3,2,3,3,2,2,1,3,2,3,1,3,4,9,9,10,12,10
2018-01-18 09:17:21,2018-01-18 09:20:11,0,128.252.25.42,100,169,1,2018-01-18 09:20:11,R_3NKc5IC71Ujk8qw,,,,,38.66569519043,-90.323097229004,anonymous,EN,10/04/1997,Blue,MP,4,20,"6'0""",215,6,,17,61,1,4,5,4,2,1,2,2,2,4,1,1,1,4,5,6,11,8,15,11
2018-01-18 09:17:21,2018-01-18 09:20:15,0,65.254.109.3,100,173,1,2018-01-18 09:20:15,R_3fqp8jQbVqFwdDu,,,,,38.657196044922,-90.281997680664,anonymous,EN,04/26/1999,purple,MK,4,18,"6'0""",155,7,,17,59,2,3,1,5,2,2,1,2,2,2,2,1,1,2,5,12,11,9,15,10
2018-01-18 09:18:32,2018-01-18 09:20:19,0,65.254.109.7,100,107,1,2018-01-18 09:20:19,R_1GZxRxPsFHoA8qM,,,,,38.657196044922,-90.281997680664,anonymous,EN,11/16/1995,"Red ",HM,4,22,"5'4""",121,6,,19,59,1,4,1,2,3,1,1,5,1,4,1,2,3,1,3,11,14,9,10,15
2018-01-18 09:17:50,2018-01-18 09:20:20,0,128.252.25.49,100,150,1,2018-01-18 09:20:21,R_87HiGt8rPy8hqZX,,,,,38.66569519043,-90.323097229004,anonymous,EN,12/06/1998,Green,AL,4,19,5'00'',105 lbs,6,,18,58,4,1,1,3,4,4,1,2,2,2,4,2,1,2,5,14,7,9,14,8
2018-01-18 09:17:54,2018-01-18 09:20:26,0,128.252.25.54,100,152,1,2018-01-18 09:20:27,R_1OC4hi6U3GAmA9T,,,,,38.66569519043,-90.323097229004,anonymous,EN,12/11/1998,Blue,JC,4,19,5'4,140,7,,19,59,1,5,4,1,2,2,2,4,2,1,4,4,2,1,1,10,15,14,7,12
2018-01-18 09:17:41,2018-01-18 09:20:26,0,70.195.75.201,100,165,1,2018-01-18 09:20:27,R_2BfZUepx5wBv56a,,,,,38.627304077148,-90.197898864746,anonymous,EN,06/14/1998,Purple,SC,4,19,"5'6""",140,7,,17,60,2,2,4,2,4,2,4,3,2,4,4,1,1,2,4,8,10,8,14,11
2018-01-18 09:18:21,2018-01-18 09:20:27,0,128.252.25.62,100,125,1,2018-01-18 09:20:27,R_1NnzzW5cakddVvD,,,,,38.66569519043,-90.323097229004,anonymous,EN,08/07/1998,yellow,ML,4,19,"5'8""",134,8,,19,59,1,4,2,3,3,2,2,3,3,2,4,4,3,1,2,12,14,10,7,10
2018-01-18 09:18:17,2018-01-18 09:20:30,0,128.252.25.61,100,132,1,2018-01-18 09:20:31,R_1oj7wEnpRb9JmDm,,,,,38.66569519043,-90.323097229004,anonymous,EN,09/22/1997,Ocean Green,JY,4,20,"5'9""",143,8,,18,60,2,5,5,3,1,2,5,3,1,1,1,1,1,3,5,3,12,13,15,12
2018-01-18 09:14:19,2018-01-18 09:20:31,0,128.252.25.31,100,372,1,2018-01-18 09:20:32,R_3szeVUbo35i2oAV,,,,,38.66569519043,-90.323097229004,anonymous,EN,01/13/1998,blue,SP,4,20,"5'7""",130,6,,18,60,2,3,1,3,4,2,1,4,2,3,4,2,2,2,3,14,11,8,11,12
2018-01-18 09:17:56,2018-01-18 09:20:32,0,128.252.25.62,100,156,1,2018-01-18 09:20:32,R_BD2MLn7TzhGO6NX,,,,,38.66569519043,-90.323097229004,anonymous,EN,01/23/1998,Blue,SR,4,19,"5'3""",150,7,,18,59,3,1,1,2,3,3,1,3,2,1,4,2,2,3,3,14,7,12,11,10
2018-01-18 09:13:30,2018-01-18 09:20:34,0,128.252.25.23,100,424,1,2018-01-18 09:20:35,R_1lbKMr3dgPvVQVf,,,,,38.66569519043,-90.323097229004,anonymous,EN,01/22/1996,pink,MP,4,21,"5'6""",150,7,,17,60,2,3,1,3,4,1,1,4,2,3,3,4,2,1,4,13,12,8,10,13
2018-01-18 09:17:02,2018-01-18 09:20:35,0,128.252.48.15,100,213,1,2018-01-18 09:20:36,R_2qpYaH71lJkx2L9,,,,,38.66569519043,-90.323097229004,anonymous,EN,01/29/1999,blue,MN,4,18,"5'7""",142,9,,18,60,1,5,2,2,2,3,3,4,2,2,4,2,1,2,5,11,14,12,14,11
2018-01-18 09:18:02,2018-01-18 09:20:37,0,65.254.109.37,100,155,1,2018-01-18 09:20:37,R_yO6RyBbIRc2FCpz,,,,,38.657196044922,-90.281997680664,anonymous,EN,01/28/1999,blue,AG,4,18,5’4”,155,7,,17,61,1,5,4,2,4,1,1,4,1,5,1,5,2,1,2,8,15,7,7,14
2018-01-18 09:18:26,2018-01-18 09:20:37,0,65.254.109.51,100,131,1,2018-01-18 09:20:38,R_2wozEQypWdXSIAZ,,,,,38.657196044922,-90.281997680664,anonymous,EN,06/11/1998,lavender,CK,4,19,5'5,122,7,,18,59,2,3,2,2,3,1,2,3,1,2,3,2,1,3,2,11,10,11,11,13
2018-01-18 09:18:02,2018-01-18 09:20:38,0,128.252.25.36,100,156,1,2018-01-18 09:20:39,R_3qXbm2l6WDUHa6l,,,,,38.66569519043,-90.323097229004,anonymous,EN,12/31/1998,Blue,JA,4,19,5’3”,97,7,,18,59,4,1,2,2,3,3,2,4,1,2,3,4,2,4,5,11,5,11,11,12
2018-01-18 09:17:44,2018-01-18 09:20:39,0,65.254.109.6,100,175,1,2018-01-18 09:20:39,R_2VKEIuVyJ13ofpY,,,,,38.657196044922,-90.281997680664,anonymous,EN,03/07/1999,Blue,TT,4,18,5'8,244,7,,18,59,2,4,2,1,2,4,1,2,4,1,4,4,1,1,5,13,13,14,12,6
2018-01-18 09:18:20,2018-01-18 09:20:41,0,65.254.109.50,100,140,1,2018-01-18 09:20:41,R_suJYmLUhcPjlp1n,,,,,38.657196044922,-90.281997680664,anonymous,EN,05/25/1998,Red,DC,4,19,5’10”,174,6,,18,61,1,5,3,4,1,1,3,3,1,1,2,3,2,1,2,8,15,12,9,13
2018-01-18 09:17:38,2018-01-18 09:20:43,0,128.252.25.57,100,185,1,2018-01-18 09:20:43,R_8J7ei01zAT2ST61,,,,,38.66569519043,-90.323097229004,anonymous,EN,07/30/1998,blue,ZZ,4,19,5'6'',114.6,6,,17,58,4,2,1,2,2,3,1,1,4,1,2,2,3,4,2,12,6,13,9,6
2018-01-18 09:17:21,2018-01-18 09:20:43,0,128.252.25.49,100,201,1,2018-01-18 09:20:44,R_3szivbgvHPD0dyI,,,,,38.66569519043,-90.323097229004,anonymous,EN,01/24/1998,Blue,CW,4,19,"5'8""",140,8,,17,61,2,3,4,2,2,2,5,3,2,2,2,2,3,2,2,5,11,12,9,11
2018-01-18 09:17:39,2018-01-18 09:20:48,0,128.252.25.40,100,188,1,2018-01-18 09:20:48,R_1ib1oG546ajLWgZ,,,,,38.66569519043,-90.323097229004,anonymous,EN,09/25/1998,Blue,KL,4,19,"5'9""",146,6,,18,59,1,3,2,5,2,3,5,1,2,1,2,1,1,2,5,7,12,10,15,8
2018-01-18 09:18:01,2018-01-18 09:20:54,0,65.254.109.47,100,173,1,2018-01-18 09:20:54,R_26gUqyy9pS79F5I,,,,,38.657196044922,-90.281997680664,anonymous,EN,05/12/1998,Green,JB,4,19,"6'1""",180,7-,,17,60,2,4,2,1,1,2,1,3,1,1,1,2,1,2,5,10,12,15,14,12
2018-01-18 09:18:05,2018-01-18 09:20:54,0,128.252.25.48,100,169,1,2018-01-18 09:20:55,R_1gHXWVNeEjYnuud,,,,,38.66569519043,-90.323097229004,anonymous,EN,01/23/1999,Purple,AG,4,18,5'7'',160,7,,19,60,4,1,2,4,2,2,3,3,2,4,4,2,1,5,5,11,4,8,14,11
2018-01-18 09:18:17,2018-01-18 09:20:55,0,128.252.48.19,100,158,1,2018-01-18 09:20:55,R_3pash5YJoqbUXSU,,,,,38.66569519043,-90.323097229004,anonymous,EN,11/12/1996,Blue,QYY,4,21,,,5,,18,59,4,1,1,1,4,3,1,4,1,1,5,1,1,4,1,15,5,12,11,12
2018-01-18 09:17:49,2018-01-18 09:20:57,0,65.254.109.37,100,187,1,2018-01-18 09:20:57,R_XXrp2cSOPZf4xZD,,,,,38.657196044922,-90.281997680664,anonymous,EN,10/17/1997,black,ML,4,20,"5'4""",140,7,,18,59,1,2,3,1,2,1,2,3,2,1,2,2,2,2,2,9,11,14,10,12
2018-01-18 09:17:35,2018-01-18 09:20:57,0,65.254.109.11,100,201,1,2018-01-18 09:20:57,R_3LXvZynSIsOVjRs,,,,,38.657196044922,-90.281997680664,anonymous,EN,04/30/1999,Blue,RS,4,18,5'8'',130lbs,8,,16,61,3,1,2,1,1,2,2,4,3,1,3,5,3,4,4,11,6,15,8,11
2018-01-18 09:18:11,2018-01-18 09:20:57,0,65.254.109.54,100,165,1,2018-01-18 09:20:58,R_23VIEaYPtf3p5ho,,,,,38.657196044922,-90.281997680664,anonymous,EN,10/04/1996,Ocean blue,HE,4,21,5’4”,138,8,,18,59,1,4,4,1,1,2,2,5,2,1,2,1,1,2,5,8,13,15,15,13
2018-01-18 09:19:24,2018-01-18 09:20:58,0,70.195.74.235,100,93,1,2018-01-18 09:20:58,R_3kkeh9GSHM0fzhQ,,,,,38.396499633789,-90.426300048828,anonymous,EN,01/20/1998,Blue,Jk,,19,"6'2""",210,8,,18,60,1,5,3,2,2,2,4,1,1,1,2,1,1,1,4,7,15,13,14,10
2018-01-18 09:18:37,2018-01-18 09:20:58,0,128.252.48.21,100,140,1,2018-01-18 09:20:59,R_27seoHar1BvKP7F,,,,,38.66569519043,-90.323097229004,anonymous,EN,12/03/98,Blue,JM,4,19,"5'2""",140,7,,20,58,1,2,1,2,3,1,1,2,2,2,5,1,2,1,2,15,12,11,11,11
2018-01-18 09:18:08,2018-01-18 09:20:58,0,65.254.109.7,100,170,1,2018-01-18 09:20:59,R_3nB38eIouistNLG,,,,,38.657196044922,-90.281997680664,anonymous,EN,04/28/1998,Green,PS,4,19,5’5”,138,7,,18,60,2,2,5,2,2,2,4,4,2,1,2,2,2,2,4,5,10,13,12,12
2018-01-18 09:18:26,2018-01-18 09:20:59,0,128.252.25.26,100,153,1,2018-01-18 09:21:00,R_eKU6TLamyOGw81z,,,,,38.66569519043,-90.323097229004,anonymous,EN,6/28/1996,Orange,IS,4,21,"5'8""",156,7,,18,60,2,4,4,2,4,5,4,2,4,2,1,2,1,3,2,5,11,10,11,5
2018-01-18 09:17:50,2018-01-18 09:21:05,0,128.252.48.26,100,195,1,2018-01-18 09:21:06,R_1pxoQ2ZnLPlK54w,,,,,38.66569519043,-90.323097229004,anonymous,EN,10/29/1997,blue,AH,4,20,5'6'',125,7,,18,59,3,2,2,2,1,2,1,4,1,2,4,2,1,3,5,13,8,13,14,13
2018-01-18 09:17:50,2018-01-18 09:21:06,0,65.254.109.18,100,196,1,2018-01-18 09:21:07,R_2akpSL0ypOJQG1o,,,,,38.657196044922,-90.281997680664,anonymous,EN,05/06/1997,Green,DM,4,20,6'0'',161,7,,18,60,2,2,2,2,3,3,2,4,2,2,4,2,3,4,4,12,8,11,11,11
2018-01-18 09:18:17,2018-01-18 09:21:10,0,128.252.25.61,100,172,1,2018-01-18 09:21:10,R_u3PjMcbqhhPhEsN,,,,,38.66569519043,-90.323097229004,anonymous,EN,11/13/1997,Green,OL,4,20,"6'1""",175,7,,17,61,4,2,3,2,2,2,2,5,1,2,2,2,2,3,5,9,7,12,13,14
2018-01-18 09:18:17,2018-01-18 09:21:10,0,65.254.109.38,100,173,1,2018-01-18 09:21:11,R_a4ZKB4BOCZ9RqtH,,,,,38.657196044922,-90.281997680664,anonymous,EN,10/04/1996,Purple,TE,4,21,5'4,140,7,,19,59,1,5,2,1,1,4,2,3,1,1,5,1,1,1,5,13,15,15,15,10
2018-01-18 09:18:18,2018-01-18 09:21:11,0,128.252.48.9,100,173,1,2018-01-18 09:21:12,R_2VDvz5HvucA2upO,,,,,38.66569519043,-90.323097229004,anonymous,EN,05/05/1996,purple,MM,4,21,"5'3""",118,7,,18,60,3,2,3,1,2,3,2,4,2,1,1,2,1,4,4,8,7,14,13,11
2018-01-18 09:19:13,2018-01-18 09:21:13,0,65.254.109.52,100,119,1,2018-01-18 09:21:13,R_2ty6cYY23dslGf7,,,,,38.657196044922,-90.281997680664,anonymous,EN,12/05/1997,Blue,RS,4,20,6’1”,205,7,,17,60,1,4,2,3,2,3,2,3,2,3,2,1,1,2,4,10,13,10,14,10
2018-01-18 09:17:59,2018-01-18 09:21:13,0,128.252.25.28,100,194,1,2018-01-18 09:21:14,R_3QGFHsFS5Uvb73t,,,,,38.66569519043,-90.323097229004,anonymous,EN,04/21/1998,red,IH,4,19,"5'7""",145,8,,17,60,1,4,2,2,1,2,3,1,2,1,1,2,2,1,1,8,14,14,9,9
2018-01-18 09:17:56,2018-01-18 09:21:17,0,65.254.109.16,100,200,1,2018-01-18 09:21:17,R_2QuCWyZriylvwcG,,,,,38.657196044922,-90.281997680664,anonymous,EN,10/06/1997,turquoise blue,RS,4,22,"5'4""",97,7,,18,59,2,2,1,1,3,4,1,1,1,2,2,2,1,2,5,12,10,12,14,8
2018-01-18 09:18:27,2018-01-18 09:21:20,0,128.252.25.17,100,172,1,2018-01-18 09:21:20,R_3EthWOqHnSN5gn5,,,,,38.66569519043,-90.323097229004,anonymous,EN,12/02/1997,Purple,AA,4,20,"5'11""",142,6,,18,60,1,2,5,4,3,2,5,2,1,4,1,3,1,2,5,3,11,7,13,11
2018-01-18 09:18:39,2018-01-18 09:21:33,0,128.252.25.33,100,173,1,2018-01-18 09:21:33,R_1mPF9ad1hKWGIcS,,,,,38.66569519043,-90.323097229004,anonymous,EN,03/02/1998,black,OB,4,19,"5'7""",127,6,,17,61,4,1,3,2,4,3,2,1,2,2,2,3,3,4,2,9,5,10,8,8
2018-01-18 09:18:49,2018-01-18 09:21:35,0,128.252.48.23,100,166,1,2018-01-18 09:21:35,R_3pigKQGvXw1D4km,,,,,38.66569519043,-90.323097229004,anonymous,EN,12/20/1996,blue,HB,4,21,"5'7""",118,7,,18,59,5,1,1,2,2,1,2,3,2,2,4,2,2,4,4,13,4,12,12,12
2018-01-18 09:19:15,2018-01-18 09:21:38,0,65.254.109.46,100,143,1,2018-01-18 09:21:39,R_2Yh9Eo3zntZg0tw,,,,,38.657196044922,-90.281997680664,anonymous,EN,07/17/1998,red/blue,st,4,19,5'8,150 about,7,,17,61,2,3,2,4,3,2,2,2,2,2,2,1,2,2,4,10,11,9,13,10
2018-01-18 09:18:24,2018-01-18 09:21:45,0,65.254.109.9,100,201,1,2018-01-18 09:21:47,R_3gSYkN99dBoIlpW,,,,,38.657196044922,-90.281997680664,anonymous,EN,07/28/1998,blue,LR,4,19,6'0,145,8,,18,61,2,2,4,2,2,2,3,1,1,1,2,1,1,3,3,7,9,13,13,10
2018-01-18 09:19:14,2018-01-18 09:22:19,0,65.254.109.12,100,184,1,2018-01-18 09:22:19,R_3DwKSpM9qEhCDJM,,,,,38.657196044922,-90.281997680664,anonymous,EN,02/01/1999,Purple,MJ,4,18,"5'6""",145,6,,18,60,1,2,1,2,4,4,2,1,1,2,4,1,1,2,2,13,11,10,12,8
2018-01-18 09:20:08,2018-01-18 09:22:19,0,128.252.25.43,100,131,1,2018-01-18 09:22:20,R_234CZdQ5Vskv5r8,,,,,38.66569519043,-90.323097229004,anonymous,EN,02/19/1998,Green,SG,4,19,"5'11""",205,7,,18,60,1,4,4,2,1,2,3,4,1,1,1,2,2,1,4,6,14,14,12,13
2018-01-18 09:20:37,2018-01-18 09:22:26,0,70.195.78.74,100,108,1,2018-01-18 09:22:27,R_2Scb9Pag2UZ3bcJ,,,,,37.817993164062,-89.027801513672,anonymous,EN,03/27/1998,Blue,PC,4,19,6'1,275,9,,17,61,4,1,3,2,1,1,3,4,1,2,1,2,2,5,3,7,4,13,11,14
2018-01-18 09:19:56,2018-01-18 09:22:28,0,128.252.48.31,100,151,1,2018-01-18 09:22:29,R_26nCAVZ2LzmWbIo,,,,,38.66569519043,-90.323097229004,anonymous,EN,05/05/1998,Blue,ZB,4,19,5'8'',125,5,,18,59,1,5,5,1,2,1,5,5,1,1,1,1,1,1,5,3,15,14,15,15
2018-01-18 09:19:20,2018-01-18 09:22:31,0,65.254.109.36,100,190,1,2018-01-18 09:22:32,R_31oUqDkkenOCJN4,,,,,38.657196044922,-90.281997680664,anonymous,EN,08/03/1999,Pink,CH,4,18,5’4”,215,7,,18,60,1,4,4,2,1,2,1,4,2,1,4,3,3,1,2,11,14,14,8,12
2018-01-18 09:20:09,2018-01-18 09:22:44,0,65.254.109.59,100,154,1,2018-01-18 09:22:45,R_6h8Ru8MzV2pYpEt,,,,,38.657196044922,-90.281997680664,anonymous,EN,10/10/1998,Royal Blue,AOK,4,19,"5'8""",145,8,,17,61,2,2,4,1,2,2,5,2,2,1,2,3,3,5,4,5,7,14,10,10
2018-01-18 09:20:58,2018-01-18 09:22:53,0,65.254.109.4,100,115,1,2018-01-18 09:22:54,R_2CJ8tHSqy0mItQm,,,,,38.657196044922,-90.281997680664,anonymous,EN,03/15/1996,Blue,AD,4,21,"5'6""",120,7,,19,59,3,3,2,2,3,3,2,3,3,2,3,2,3,3,3,11,9,11,10,9
2018-01-18 09:20:23,2018-01-18 09:23:08,0,128.252.25.56,100,164,1,2018-01-18 09:23:08,R_3G1EgWSjqiSvdiI,,,,,38.66569519043,-90.323097229004,anonymous,EN,07/01/1999,White,EA,4,18,5'6,145,4,,16,59,1,4,3,2,1,3,1,1,2,1,4,2,2,1,1,12,14,14,9,8
2018-01-18 09:18:50,2018-01-18 09:23:16,0,65.254.109.16,100,266,1,2018-01-18 09:23:17,R_06eEA3KpzcRbXQB,,,,,38.657196044922,-90.281997680664,anonymous,EN,07/02/1988,Blue,DBM,4,29,5'8,165,6,,17,60,2,3,3,2,3,2,2,4,1,2,2,2,1,3,5,9,10,11,14,13
2018-01-18 09:20:57,2018-01-18 09:23:17,0,65.254.109.3,100,140,1,2018-01-18 09:23:17,R_21FDfFJWSd13mHF,,,,,38.657196044922,-90.281997680664,anonymous,EN,07/01/1997,Red,JS,4,20,"6'0""",210,7,,16,61,3,2,3,2,1,2,2,3,1,1,2,1,1,1,4,9,10,14,14,12
2018-01-18 09:19:29,2018-01-18 09:23:24,0,65.254.109.46,100,234,1,2018-01-18 09:23:25,R_b2esl8khHw1wWSl,,,,,38.657196044922,-90.281997680664,anonymous,EN,07/02/1988,Red,YL,4,29,5’3”,125,7,,17,61,2,5,3,3,2,1,5,4,5,2,2,1,2,3,4,6,12,11,13,10
2018-01-18 09:20:19,2018-01-18 09:23:26,0,65.254.109.19,100,187,1,2018-01-18 09:23:27,R_3m9tiXz7PWAVcfe,,,,,38.657196044922,-90.281997680664,anonymous,EN,04/11/1996,Pink,HS,4,21,5’6”,140,7,,18,59,1,3,4,1,1,2,2,5,1,2,1,1,1,2,5,7,12,14,15,14
2018-01-18 09:15:31,2018-01-18 09:23:56,0,128.252.25.40,100,505,1,2018-01-18 09:23:56,R_3KPWJoAUiWEOAn6,,,,,38.66569519043,-90.323097229004,anonymous,EN,05/20/1998,green,JY,4,19,"5'5""",125,7,,19,59,4,2,1,2,5,5,1,2,4,4,5,3,3,1,4,15,9,7,10,5
2018-01-18 12:09:15,2018-01-18 12:11:19,0,128.252.48.21,100,124,1,2018-01-18 12:11:20,R_1d3HPDqq0EeUwlC,,,,,38.66569519043,-90.323097229004,anonymous,EN,04/17/1996,blue,SY,3,21,"5'4""",117,7,4,18,59,2,2,1,1,2,4,1,2,2,1,4,2,2,4,5,14,8,14,13,8
2018-01-18 12:09:23,2018-01-18 12:11:39,0,107.77.207.212,100,135,1,2018-01-18 12:11:39,R_22SaTcEVpfxI30U,,,,,38.57829284668,-90.666603088379,anonymous,EN,07/21/1998,Blue,LG,3,19,5'2,160,6,2,19,59,2,2,2,1,3,2,1,2,3,3,3,3,2,2,2,12,10,11,9,9
2018-01-18 12:12:43,2018-01-18 12:16:11,0,128.252.25.64,100,207,1,2018-01-18 12:16:12,R_9Mrhq9P2mWZ7pcZ,,,,,38.66569519043,-90.323097229004,anonymous,EN,03/20/1998,Blue,JF,3,19,"5'8""",235,8,2,18,60,4,2,2,3,2,1,1,2,2,3,4,3,2,2,3,13,8,10,10,11
2018-01-18 12:16:29,2018-01-18 12:18:38,0,128.252.25.22,100,129,1,2018-01-18 12:18:39,R_2aXl50oklrSUEdH,,,,,38.66569519043,-90.323097229004,anonymous,EN,12/31/1997,blue,AL,3,20,"5'4""",125,6,2,18,60,2,4,2,1,2,3,2,2,2,2,1,1,2,2,2,9,12,13,11,9
2018-01-18 12:17:29,2018-01-18 12:19:44,0,128.252.25.38,100,134,1,2018-01-18 12:19:45,R_8HXvLgaYXJHiL9T,,,,,38.66569519043,-90.323097229004,anonymous,EN,03/29/1997,aqua,EF,3,20,"5'9""",160,6,3,19,58,3,2,2,2,3,2,2,3,2,2,3,2,2,3,4,11,8,11,12,11
2018-01-18 12:19:57,2018-01-18 12:24:09,0,128.252.25.64,100,252,1,2018-01-18 12:24:10,R_3KVG3dMJ0hwliOH,,,,,38.66569519043,-90.323097229004,anonymous,EN,05/26/1998,blue,VH,3,19,6',140,7,2,19,59,1,4,5,2,4,4,5,2,2,1,1,1,1,1,5,3,14,11,15,8
2018-01-18 12:23:18,2018-01-18 12:25:06,0,70.195.72.25,100,107,1,2018-01-18 12:25:06,R_3hoQ2oqTQh9yNMR,,,,,37.732696533203,-89.203399658203,anonymous,EN,4/22/1996,Blue,BB,3,21,5’2’’,110,8,4,18,59,1,4,2,2,2,1,2,5,1,2,3,3,2,1,4,11,14,12,11,15
2018-01-18 12:25:56,2018-01-18 12:31:03,0,65.254.109.5,100,306,1,2018-01-18 12:31:03,R_DcQDOf615rIJ6U1,,,,,38.657196044922,-90.281997680664,anonymous,EN,12/13/1998,blue,SB,3,19,"5'10""",120,8,1,20,59,3,4,4,1,2,4,5,1,2,1,2,4,1,2,5,5,11,14,12,7
2018-01-18 12:28:53,2018-01-18 12:32:00,0,128.252.25.56,100,186,1,2018-01-18 12:32:00,R_r0lzhANAd62R7SV,,,,,38.66569519043,-90.323097229004,anonymous,EN,07/23/1996,Purple,HL,3,21,"5'10""",175,6,4,17,60,1,4,5,2,2,2,5,2,1,2,1,2,2,3,3,3,12,12,11,11
2018-01-18 12:30:53,2018-01-18 12:33:25,0,128.252.25.15,100,151,1,2018-01-18 12:33:25,R_2QSuuXaWEXeMyI7,,,,,38.66569519043,-90.323097229004,anonymous,EN,07/19/1996,blue,MX,3,21,"5'7""",155,8,4,17,61,4,2,2,3,4,1,5,2,3,4,2,2,1,4,5,7,6,7,14,10
2018-01-18 12:32:21,2018-01-18 12:34:21,0,70.195.64.173,100,120,1,2018-01-18 12:34:22,R_xiy0GNRB4trV9Tz,,,,,38.396499633789,-90.426300048828,anonymous,EN,10/25/1996,Blue,EE,3,21,5'7,127,7,3,18,59,2,2,2,2,2,2,2,4,2,1,2,4,2,4,5,10,8,13,11,12
2018-01-18 12:35:41,2018-01-18 12:38:04,0,128.252.25.58,100,143,1,2018-01-18 12:38:05,R_2xV4KzUaeR3atUE,,,,,38.66569519043,-90.323097229004,anonymous,EN,03/21/1999,black,SG,3,18,5’1’’,110,7,1,18,60,2,4,2,2,2,2,2,4,2,2,3,2,2,2,4,11,12,12,12,12
2018-01-18 12:52:40,2018-01-18 12:55:13,0,128.252.25.64,100,153,1,2018-01-18 12:55:14,R_8wSG6zsJ85jpg3v,,,,,38.66569519043,-90.323097229004,anonymous,EN,06/01/1998,red,TW,3,19,5'4,115,6,2,19,58,2,2,4,2,3,4,4,2,1,2,2,2,2,3,3,6,9,11,11,9
2018-01-18 13:03:50,2018-01-18 13:07:50,0,128.252.25.37,100,239,1,2018-01-18 13:07:50,R_1ltTEcgHBE5R4Pq,,,,,38.66569519043,-90.323097229004,anonymous,EN,09/20/1998,red,JC,3,19,"5'1""",130,7,2,17,61,2,2,2,5,2,1,2,5,1,3,2,4,1,2,3,10,10,8,10,15
2018-01-18 13:03:45,2018-01-18 13:12:39,0,128.252.25.8,100,533,1,2018-01-18 13:12:39,R_2asOHtm35fhMzO6,,,,,38.66569519043,-90.323097229004,anonymous,EN,07/11/1998,Green,NH,3,19,5’7”,130,8,2,18,58,2,2,4,1,2,1,2,3,4,1,2,2,1,5,4,8,7,14,13,10
2018-01-18 13:07:39,2018-01-18 13:17:58,0,128.252.25.51,100,618,1,2018-01-18 13:17:59,R_1P2fLyrTtZno2sH,,,,,38.66569519043,-90.323097229004,anonymous,EN,04/29/1999,Yellow,MF,3,18,"5'6""",130,7,1,18,60,2,2,2,1,2,2,2,3,1,3,2,1,1,2,4,10,10,12,14,12
2018-01-18 13:17:16,2018-01-18 13:28:01,0,65.254.109.22,100,644,1,2018-01-18 13:28:02,R_3KBHG69FfPdmaQZ,,,,,38.657196044922,-90.281997680664,anonymous,EN,06/08/1998,Black,KE,3,19,6'3'',180,6,2,19,59,2,2,2,3,3,4,2,2,3,2,2,2,2,3,3,10,9,10,11,7
2018-01-18 12:52:07,2018-01-18 13:49:31,0,128.252.25.32,100,3443,1,2018-01-18 13:49:31,R_eeomLGG3RR48eNH,,,,,38.66569519043,-90.323097229004,anonymous,EN,07/11/1996,purple,VK,3,21,"5'2""",105,7,4,18,59,3,2,1,1,3,2,1,4,2,1,3,4,2,3,4,13,8,13,10,12
2018-01-18 13:48:37,2018-01-18 13:50:55,0,128.252.6.146,100,137,1,2018-01-18 13:50:55,R_vSoyfaioJ5BUVON,,,,,38.66569519043,-90.323097229004,anonymous,EN,07/20/1996,blue,CC,3,21,"5'3""",165,6,4,18,59,4,2,1,2,3,2,1,3,2,2,3,4,2,4,5,13,6,11,11,11
2018-01-18 13:57:05,2018-01-18 14:01:30,0,65.254.109.15,100,265,1,2018-01-18 14:01:31,R_9RyyMqPQ7B1TEu5,,,,,38.657196044922,-90.281997680664,anonymous,EN,04/25/1998,"blue ",BD,3,19,"5'10""",117,8,2,20,59,1,4,4,2,2,1,5,4,2,1,1,1,1,1,4,4,14,13,14,13
2018-01-18 13:51:32,2018-01-18 14:07:17,0,128.252.48.11,100,944,1,2018-01-18 14:07:18,R_27es3ZXwYAhiHFp,,,,,38.66569519043,-90.323097229004,anonymous,EN,09/29/1996,Blue,LC,3,21,"5'2""",110,6,3,17,61,2,4,2,1,1,4,2,4,1,3,2,1,3,3,4,10,11,13,12,11
2018-01-18 14:07:29,2018-01-18 14:09:41,0,128.252.25.30,100,131,1,2018-01-18 14:09:41,R_2AKoay9xCW4mxVh,,,,,38.66569519043,-90.323097229004,anonymous,EN,04/20/1997,"Black ",AN,3,20,5’4”,130,7,3,18,59,4,1,1,2,4,2,1,4,1,5,2,1,1,5,4,12,4,7,14,13
2018-01-18 14:10:57,2018-01-18 14:13:36,0,128.252.25.28,100,159,1,2018-01-18 14:13:37,R_2VruCtzndHmN49j,,,,,38.66569519043,-90.323097229004,anonymous,EN,08/18/1996,orange,RB,3,21,"5'0""",105,7,2,18,60,2,4,3,4,1,1,1,4,2,2,2,1,2,4,4,10,10,11,13,13
2018-01-18 12:09:39,2018-01-18 14:16:45,0,128.252.25.64,100,7626,1,2018-01-18 14:16:46,R_1hQ2tWDtmUUXX65,,,,,38.66569519043,-90.323097229004,anonymous,EN,02/12/1999,Sky Blue,AH,3,18,5'3,115,6,1,17,61,2,4,1,1,1,3,1,4,2,1,4,1,1,2,5,14,12,15,15,11
2018-01-18 14:04:42,2018-01-18 14:19:12,0,65.254.109.19,100,870,1,2018-01-18 14:19:13,R_1l46aQmRodiUbJe,,,,,38.657196044922,-90.281997680664,anonymous,EN,05/27/1999,Blue,GL,3,18,"5'2""",118,6,1,17,59,1,5,1,2,1,4,1,4,1,1,4,1,1,1,5,14,15,14,15,11
2018-01-18 14:18:08,2018-01-18 14:20:14,0,128.252.48.32,100,125,1,2018-01-18 14:20:15,R_2YreCWg8JhwmK6e,,,,,38.66569519043,-90.323097229004,anonymous,EN,05/30/1998,blue,MB,3,19,"5'4""",140,7,2,18,59,1,4,3,2,2,1,3,5,1,2,2,2,1,3,5,8,12,12,14,15
2018-01-18 14:29:10,2018-01-18 14:32:49,0,65.254.109.9,100,219,1,2018-01-18 14:32:50,R_3qVb0nrXdmL8Ewe,,,,,38.657196044922,-90.281997680664,anonymous,EN,10/30/1998,Orange,NG,3,19,"5'6""",130,8,1,17,59,2,2,2,3,2,2,1,3,2,3,2,2,1,4,3,11,8,10,12,11
2018-01-18 14:17:59,2018-01-18 14:34:48,0,65.254.109.4,100,1009,1,2018-01-18 14:34:49,R_1OvJQf561Bo3umx,,,,,38.657196044922,-90.281997680664,anonymous,EN,08/14/1999,Blue,DS,3,18,"6'2""",168,8,1,19,59,4,2,2,4,3,1,2,4,2,1,2,2,2,4,5,10,6,10,13,13
2018-01-18 14:33:15,2018-01-18 14:35:15,0,128.252.55.251,100,120,1,2018-01-18 14:35:16,R_1hWgPAhpaLGBpkx,,,,,38.66569519043,-90.323097229004,anonymous,EN,02/26/1999,blue,HA,3,18,"5'10""",140,8,2,17,60,2,2,2,3,2,1,2,4,1,1,1,2,2,2,2,9,10,12,10,14
2018-01-18 14:29:06,2018-01-18 14:44:56,0,128.252.25.29,100,950,1,2018-01-18 14:44:57,R_3iqkIBV7RrovIGN,,,,,38.66569519043,-90.323097229004,anonymous,EN,01/31/1999,gray,KK,3,18,"5'6""",140,8,1,18,59,4,2,4,3,4,2,4,4,2,2,2,2,2,4,4,6,6,9,12,12
2018-01-18 14:53:27,2018-01-18 14:56:49,0,65.254.109.35,100,202,1,2018-01-18 14:56:49,R_3MMyZYcSyUMgKE9,,,,,38.657196044922,-90.281997680664,anonymous,EN,05/03/1999,Burgandy,EB,3,18,"5'6""",137,7,1,18,59,2,2,1,1,2,1,1,3,1,2,3,1,1,3,5,13,9,13,15,13
2018-01-18 15:09:57,2018-01-18 15:12:19,0,65.254.109.39,100,142,1,2018-01-18 15:12:20,R_1P6uH5DBLRdiKOU,,,,,38.657196044922,-90.281997680664,anonymous,EN,02/28/1999,purple,RF,3,18,"5'3""",135,8,1,17,60,2,3,4,4,2,2,4,4,3,4,1,2,1,2,4,5,11,8,13,11
2018-01-18 15:11:47,2018-01-18 15:23:00,0,128.252.25.20,100,672,1,2018-01-18 15:23:01,R_3paNfAhaODHa6Ms,,,,,38.66569519043,-90.323097229004,anonymous,EN,11/26/1998,Blue,MF,3,19,"5'09""",125,6,1,20,58,2,3,2,1,1,3,2,2,3,1,3,2,1,2,4,11,11,15,13,8
2018-01-18 14:28:59,2018-01-18 15:25:08,0,65.254.109.49,100,3368,1,2018-01-18 15:25:09,R_22EQwpK0R5a3vba,,,,,38.657196044922,-90.281997680664,anonymous,EN,08/29/1998,blue,SS,3,19,"5'9""",145,7,2,17,60,1,4,5,3,3,1,4,4,1,2,2,1,1,2,4,5,13,10,14,14
2018-01-18 15:31:07,2018-01-18 15:35:56,0,128.252.25.60,100,289,1,2018-01-18 15:35:57,R_2B3ezNZTcBheFlT,,,,,38.66569519043,-90.323097229004,anonymous,EN,03/13/98,Blue,AM,3,19,5’9,157,7,2,18,60,2,2,3,2,1,4,2,2,4,1,2,1,1,1,3,9,11,14,13,6
2018-01-18 15:51:27,2018-01-18 15:54:16,0,66.87.73.153,100,168,1,2018-01-18 15:54:16,R_31gbnLGgVXZz1t8,,,,,39.099700927734,-94.578598022461,anonymous,EN,10/27/1994,Blue,SH,3,23,"5'9""",180,7,2,18,59,2,3,2,1,3,2,2,1,2,2,2,1,1,2,3,10,11,12,13,9
2018-01-18 15:53:54,2018-01-18 15:55:45,0,47.34.70.31,100,111,1,2018-01-18 15:55:46,R_1LtH3YcyZn3VEzQ,,,,,38.66569519043,-90.323097229004,anonymous,EN,08/04/1995,"Blue ",HB,3,22,5’7”,135,6,4,19,60,2,2,1,3,3,1,1,4,2,2,4,2,1,3,3,14,9,10,12,13
2018-01-18 16:05:26,2018-01-18 16:08:32,0,47.44.240.106,100,186,1,2018-01-18 16:08:33,R_2c1xDhPhWNkJK9c,,,,,38.657196044922,-90.281997680664,anonymous,EN,02/06/1997,Green,AB,3,21,5'1'',103,7,3,17,60,1,4,1,2,5,1,2,4,1,5,4,1,1,1,5,13,14,6,15,14
2018-01-18 16:05:14,2018-01-18 16:09:00,0,24.207.224.111,100,226,1,2018-01-18 16:09:01,R_2RQB2LuJVLqRvRS,,,,,38.710006713867,-90.501602172852,anonymous,EN,11/09/1995,red,JN,3,22,5'4,105,8,3,18,59,5,1,2,2,4,4,2,2,4,4,1,3,3,5,3,9,3,8,9,6
2018-01-18 16:13:04,2018-01-18 16:14:33,0,65.254.109.44,100,89,1,2018-01-18 16:14:34,R_xouXMiceBOMqFmV,,,,,38.657196044922,-90.281997680664,anonymous,EN,10/28/1997,pink,SB,3,21,"5'3""",120,10,1,18,59,2,4,1,1,3,1,1,3,1,2,2,1,1,1,4,12,13,12,14,13
2018-01-18 16:21:52,2018-01-18 16:25:37,0,128.252.48.3,100,225,1,2018-01-18 16:25:37,R_uq2GPl6C9RQNX8J,,,,,38.66569519043,-90.323097229004,anonymous,EN,03/12/1999,Red,TM,3,18,"5'8""",140,8,1,18,61,2,3,4,1,3,2,4,4,1,2,2,2,1,4,4,6,9,12,13,13
2018-01-18 16:46:38,2018-01-18 16:49:42,0,128.252.25.18,100,184,1,2018-01-18 16:49:43,R_2yddUCk8e0c9HxF,,,,,38.66569519043,-90.323097229004,anonymous,EN,08/24/1998,blue,CP,3,19,"5'5""",115,7,1,17,59,3,3,4,2,2,1,4,4,1,3,2,1,1,3,5,6,9,11,15,14
2018-01-18 17:29:43,2018-01-18 17:33:26,0,99.178.255.81,100,223,1,2018-01-18 17:33:27,R_2whixerwJ7V4t1E,,,,,38.645004272461,-90.210098266602,anonymous,EN,11/06/1996,green,KH,3,21,"5'2""",120,8,3,18,61,5,1,4,3,2,1,5,2,1,2,1,3,2,5,4,4,3,11,11,12
2018-01-18 17:46:07,2018-01-18 17:48:31,0,128.252.25.14,100,143,1,2018-01-18 17:48:32,R_0OCNs8NQvQXjB61,,,,,38.66569519043,-90.323097229004,anonymous,EN,07/28/1998,Mint,JP,3,19,"6'0""",160,7,2,18,59,3,2,2,2,2,2,2,2,1,2,3,2,1,3,4,11,8,12,13,11
2018-01-18 18:24:25,2018-01-18 18:27:10,0,65.254.109.1,100,164,1,2018-01-18 18:27:11,R_9o7Cc9zm7MxiQdH,,,,,38.657196044922,-90.281997680664,anonymous,EN,12/05/1998,Blue,SS,3,19,5’7,150,8,1,18,59,1,4,2,4,4,2,2,4,1,4,3,2,1,2,5,11,13,6,14,13
2018-01-18 19:16:11,2018-01-18 19:24:44,0,65.254.109.43,100,513,1,2018-01-18 19:24:44,R_2PhAQHbWXtZh5hg,,,,,38.657196044922,-90.281997680664,anonymous,EN,06/28/1999,Green,AR,3,18,5'3'',125,7,1,20,58,4,2,1,2,5,5,1,2,1,4,3,4,2,3,2,13,7,7,8,8
2018-01-18 20:11:29,2018-01-18 20:18:08,0,70.195.68.205,100,399,1,2018-01-18 20:18:08,R_1Gv406sXqEh90A9,,,,,37.768005371094,-89.327499389648,anonymous,EN,08/20/1998,Blue,SS,3,19,5’9’’,140,8,1,19,58,2,2,1,2,,2,1,2,1,4,2,1,1,2,5,12,10,6,15,11
2018-01-19 07:09:36,2018-01-19 07:11:49,0,128.252.25.45,100,133,1,2018-01-19 07:11:50,R_AKT4XePdn1sb5UR,,,,,38.66569519043,-90.323097229004,anonymous,EN,11/09/1997,Purple,GB,3,20,5’2”,135,8.5,2,18,60,3,2,2,1,2,2,3,4,2,1,2,2,2,2,4,9,9,14,12,12
2018-01-19 11:23:23,2018-01-19 11:24:52,0,47.44.240.111,100,88,1,2018-01-19 11:24:52,R_sUnZSk7WIQ4Tdh7,,,,,38.657196044922,-90.281997680664,anonymous,EN,08/13/1995,Purple,JL,3,22,"5'8""",170,8,,16,61,2,4,5,1,2,1,4,1,1,1,1,3,3,4,3,4,10,14,9,11
2018-01-19 12:25:58,2018-01-19 12:28:49,0,128.252.25.29,100,171,1,2018-01-19 12:28:50,R_yPWAkuTAMOrG9S9,,,,,38.66569519043,-90.323097229004,anonymous,EN,06/11/1996,"White ",VO,3,21,5'7,140,6,4,17,59,2,2,4,1,2,2,4,4,3,2,1,2,3,2,4,5,10,13,11,11
2018-01-19 15:00:31,2018-01-19 15:03:07,0,128.252.48.30,100,156,1,2018-01-19 15:03:08,R_1QJxWge1aEZ4So8,,,,,38.66569519043,-90.323097229004,anonymous,EN,06/10/1995,blue,JG,3,22,"5'6""",165,7,4,17,61,4,2,2,2,1,1,2,4,1,4,2,2,2,4,2,10,6,11,10,14
2018-01-19 15:28:22,2018-01-19 15:38:40,0,128.252.25.29,100,617,1,2018-01-19 15:38:40,R_33kV18i2bXaTHqE,,,,,38.66569519043,-90.323097229004,anonymous,EN,02/25/1997,blue,MH,3,20,"5""9",159,6,2,19,59,1,4,2,2,1,2,2,4,2,1,3,1,1,2,4,11,13,14,14,12
2018-01-19 20:31:54,2018-01-19 20:35:08,0,128.252.25.12,100,193,1,2018-01-19 20:35:08,R_3rS9b8IvRXuJDzU,,,,,38.66569519043,-90.323097229004,anonymous,EN,04/20/1999,pink,MB,3,18,"5'3""",120,8,1,19,58,4,2,1,2,2,1,1,4,2,3,4,3,3,2,2,14,8,11,8,13
2018-01-19 23:52:09,2018-01-19 23:54:26,0,107.77.206.115,100,136,1,2018-01-19 23:54:26,R_3koAAQ9PcTNuDqY,,,,,38.57829284668,-90.666603088379,anonymous,EN,06/10/99,Purple,EO,3,18,5-5”,100,10,1,19,60,1,5,3,1,2,3,2,4,1,2,3,2,1,2,4,10,14,13,13,12
